#, Number of vertexes, Number of Edges, Elapsed Time
1, 100, 0.3, 00:00:00.0240211
1, 100, 0.4, 00:00:00.0507611
1, 120, 0.3, 00:00:00.0927593
1, 120, 0.4, 00:00:00.1558554
1, 140, 0.3, 00:00:00.2313865
1, 140, 0.4, 00:00:00.3317863
1, 160, 0.3, 00:00:00.4225887
1, 160, 0.4, 00:00:00.5881088
1, 180, 0.3, 00:00:00.7710132
1, 180, 0.4, 00:00:01.1441333

