#, Number of vertexes, Number of Edges, Elapsed Time
1, 100, 0.3, 00:00:00.0255675
1, 100, 0.4, 00:00:00.1059235
1, 120, 0.3, 00:00:00.3380647
1, 120, 0.4, 00:00:00.8306179
1, 140, 0.3, 00:00:01.8094936
1, 140, 0.4, 00:00:03.6756894
1, 160, 0.3, 00:00:06.8513139
1, 160, 0.4, 00:00:11.8131041
1, 180, 0.3, 00:00:20.0431208
1, 180, 0.4, 00:00:33.3608419

